#
# Docs .htaccess File. Primarily used for controlling redirects to obsolete pages.
# This .htaccess file is designed to reside in the root directory of the Help directory.
# Specific .htaccess files may later be created for sub-directories and their children. At 
# present, only this single .htaccess is used at the root directory.
#
# When you add a new redirect:
# 1. Search this file to determine whether your source URL is already a target for one or more existing redirects. If it is, replace the old target with your new target in each instance (leave the source URLs in place).
# 2. Insert the new redirect in alphabetical order according to the source file.
#
#
# Page REDIRECTS
#######################################################################################
# Redirects of old file paths to new file paths using 301
# redirect 301 /current/currentfile.html https://www.newdomain.com/new/newfile.html

redirect 301 /Additional-Products/Solace-PubSub-Cache/Working-with-JavaScript-API.htm /API/API-Developer-Guide/cache/Cache-JavaScript-API.htm
redirect 301 /Additional-Products/Solace-PubSub-Cache/Working-with-NET-API.htm /API/API-Developer-Guide/cache/Cache-NET-API.htm
redirect 301 /Additional-Products/Solace-PubSub-Cache/Working-with-the-C-API.htm /API/API-Developer-Guide/cache/Cache-C-API.htm
redirect 301 /Additional-Products/Solace-PubSub-Cache/Working-with-the-Java-RTO-API.htm /API/API-Developer-Guide/cache/Cache-Java-RTO-API.htm
redirect 301 /Additional-Products/Solace-PubSub-Cache/Working-with-the-JCSMP.htm /API/API-Developer-Guide/cache/Cache-JCSMP-API.htm
redirect 301 /Administration.htm /Admin/Broker-Manager/PubSub-Manager-Overview.htm
redirect 301 /Admin/SEMP/SEMP-API-Archit.htm#SEMP /Admin/SEMP/Using-SEMP.htm#SEMP
redirect 301 /Admin/SEMP/SEMP-API-Protocol.htm /Admin/SEMP/SEMP-API-Archit.htm
redirect 301 /Admin/SEMP/SEMP-API-Archit.htm#Authenti /Admin/SEMP/SEMP-Security.htm
redirect 301 /All-Docs.htm /Get-Started/Next-steps.htm
redirect 301 /APIs.htm /API/Messaging-APIs/Solace-APIs-Overview.htm
redirect 301 /API/API-Developer-Guide/cache/Cache-Python-API.htm /API/API-Developer-Guide-Python/Python-API-PubSub-Cache.htm
redirect 301 /API/API-Developer-Guide/Getting-Message-Properti-1.htm /API/API-Developer-Guide/Manage-Message-Properties.htm
redirect 301 /API/API-Developer-Guide/Getting-Message-Properties.htm /API/API-Developer-Guide/Manage-Message-Properties.htm
redirect 301 /API/Connectors.htm /API/Connectors/Connectors.htm
redirect 301 /API/Connectors-Integration-Guides.htm /API/Connectors/Connectors.htm
redirect 301 /API/Connectors/Self-Contained-Connectors/Connector%20Manager/connector-manager-example.htm /API/Connectors/Self-Contained-Connectors/Connector-Manager/connector-manager-example.htm
redirect 301 /API/Solace-JMS-API/JMS-home.htm /API/Solace-JMS-API/jms-get-started-open.htm
redirect 301 /API/Solace-JMS-API/JMS-Intro.htm /API/Solace-JMS-API/JMS-Dev-Guide-Intro.htm
redirect 301 /API/Solace-JMS-API/jms-only-link.htm /API/Solace-JMS-API/jms-get-started-open.htm
redirect 301 /API/Solace-JMS-API/Using-JMS.htm /API/Solace-JMS-API/jms-get-started-open.htm
redirect 301 /API/Solace-PubSub-Messaging-APIs/Solace-APIs-Overview.htm /API/Messaging-APIs/Solace-APIs-Overview.htm
redirect 301 /API-Developer-Online-Ref-Documentation/swagger-ui/config/index.html /API-Developer-Online-Ref-Documentation/swagger-ui/software-broker/config/index.html
redirect 301 /API-Developer-Online-Ref-Documentation/swagger-ui/action/index.html /API-Developer-Online-Ref-Documentation/swagger-ui/software-broker/action/index.html
redirect 301 /API-Developer-Online-Ref-Documentation/swagger-ui/monitor/index.html /API-Developer-Online-Ref-Documentation/swagger-ui/software-broker/monitor/index.html
redirect 301 /Assistance-Tools/Resource-Calculator/pubsubplus-resource-calculator.html /Admin-Ref/Resource-Calculator/pubsubplus-resource-calculator.html
redirect 301 /Basics/Cut-Through-Msging.htm /Messaging/Guaranteed-Msg/Guaranteed-Messages.htm
redirect 301 /best-practices.htm /Get-Started/best-practices.htm
redirect 301 /Best-Practices/Appl-HW-Alrm.htm /Monitoring/Appl-HW-Alrm.htm
redirect 301 /Best-Practices/Client-Stats.htm /Monitoring/Client-Stats.htm
redirect 301 /Best-Practices/Gathering-Stats-SEMP.htm /Monitoring/Gathering-Stats-SEMP.htm
redirect 301 /Best-Practices/Latency-Mon.htm /Monitoring/Latency-Mon.htm
redirect 301 /Best-Practices/Min-Events.htm /Monitoring/Min-Events.htm
redirect 301 /Best-Practices/Monitoring-BP.htm /Monitoring/Monitoring-BP.htm
redirect 301 /Best-Practices/Monitoring-Events.htm /Monitoring/Monitoring-Events.htm
redirect 301 /Best-Practices/Monitoring-Using-Syslog.htm /Monitoring/Monitoring-Using-Syslog.htm
redirect 301 /Best-Practices/Net-Mon.htm /Monitoring/Net-Mon.htm
redirect 301 /Best-Practices/Perf-Mon.htm /Monitoring/Perf-Mon.htm
redirect 301 /Best-Practices/Thresholds.htm /Monitoring/Thresholds.htm
redirect 301 /Best-Practices/Topic-Architecture-Best-Practices.htm /Messaging/Topic-Architecture-Best-Practices.htm
redirect 301 /Cloud/Event-Mesh/Environments.htm /Cloud/environments.htm
redirect 301 /Cloud/configure-oauth-for-broker-services.html /Cloud/configure-oauth-for-broker-services.htm
redirect 301 /Cloud/Deployment-Considerations/aws_transit_gateway_CA.htm /Cloud/Deployment-Considerations/dedicated-networking-options.htm
redirect 301 /Cloud/Deployment-Considerations/k8s-deployment-questions.htm /Cloud/Deployment-Considerations/checklist-customer-controlled.htm
redirect 301 /Cloud/Deployment-Considerations/PS_Cloud_K8S_Questionnaire.pdf /Cloud/Deployment-Considerations/checklist-customer-controlled.pdf
redirect 301 /Cloud/Deployment-Considerations/PS_Cloud_K8S_Questionnaire.xlsx /Cloud/Deployment-Considerations/checklist-customer-controlled.xlsx
redirect 301 /Cloud/Deployment-Considerations/PS_SolaceControlled_Questionnaire.pdf /Cloud/Deployment-Considerations/checklist-dedicated.pdf
redirect 301 /Cloud/Deployment-Considerations/PS_SolaceControlled_Questionnaire.xlsx /Cloud/Deployment-Considerations/checklist-dedicated.xlsx
redirect 301 /Cloud/Deployment-Considerations/checklist-solace-controlled.xlsx /Cloud/Deployment-Considerations/checklist-dedicated.xlsx
redirect 301 /Cloud/Deployment-Considerations/checklist-solace-controlled.pdf /Cloud/Deployment-Considerations/checklist-dedicated.pdf
redirect 301 /Cloud/Deployment-Considerations/checklist-solace-controlled.htm /Cloud/Deployment-Considerations/checklist-dedicated.htm
redirect 301 /Cloud/Deployment-Considerations/Solace-controlled-deployment-questions.htm /Cloud/Deployment-Considerations/checklist-solace-controlled.htm
redirect 301 /Cloud/Deployment-Considerations/cloud-agent-all.htm /Cloud/Security/mission-control-agent-security.htm
redirect 301 /Cloud/Deployment-Considerations/CIDR_calculator/Solace-cloud-CIDR-calculator.xlsx /Cloud/Deployment-Considerations/CIDR_calculator/cloud-CIDR-calculator.xlsx
redirect 301 /Cloud/Deployment-Considerations/deployment-messaging-connectivity.htm /Cloud/Deployment-Considerations/deployment-options-connectivity.htm
redirect 301 /Cloud/Insights/insights-servicelevel.htm#understand-metrics /Cloud/Insights/insights-servicelevel.htm
redirect 301 /Cloud/Insights/insights-servicelevel.htm#understanding-visualizations /Cloud/Insights/insights-servicelevel.htm
redirect 301 /Cloud/solace_cloud_rest_api.htm /Cloud/cloud-rest-api-lp.htm
redirect 301 /Cloud/cloud_rest_api.htm /Cloud/cloud-rest-api-lp.htm
redirect 301 /Configuration.htm /Admin/Solace-CLI/Using-Solace-CLI.htm
redirect 301 /Configuring-and-Managing/Accessing-the-Support-User-Account.htm /Admin/Accessing-the-Support-User-Account.htm
redirect 301 /Configuring-and-Managing/ACL.htm /Security/ACL.htm
redirect 301 /Configuring-and-Managing/Active-Active-HA-Appliances.htm /Features/HA-Redundancy/Active-Active-HA-Appliances.htm
redirect 301 /Configuring-and-Managing/Active-Standby-HA-Appliances.htm /Features/HA-Redundancy/Active-Standby-HA-Appliances.htm
redirect 301 /Configuring-and-Managing/Appliance-Interfaces.htm /Admin/IP-Interfaces/Appliance-Interfaces.htm
redirect 301 /Configuring-and-Managing/Appliance-Product-Key.htm /Admin/Product-Key.htm
redirect 301 /Configuring-and-Managing/Authentication-Methods.htm /Admin/Authentication-Methods.htm
redirect 301 /Configuring-and-Managing/Changing-ActiveActive-to-ActiveStandby.htm /Features/HA-Redundancy/Changing-ActiveActive-to-ActiveStandby.htm
redirect 301 /Configuring-and-Managing/Changing-Appliance-Baud-Rates.htm /Appliance/Changing-Appliance-Baud-Rates.htm
redirect 301 /Configuring-and-Managing/Clearing-Offline-Subscriptions.htm /Features/MNR/Clearing-Offline-Subscriptions.htm
redirect 301 /Configuring-and-Managing/Client-Authentication.htm /Security/Client-Authentication.htm
redirect 301 /Configuring-and-Managing/Client-Authorization.htm /Security/Client-Authorization.htm
redirect 301 /Configuring-and-Managing/CLI-Sequence-VPN-to-C-Profiles.htm /Features/VPN/CLI-Sequence-VPN-to-C-Profiles.htm
redirect 301 /Configuring-and-Managing/CLI-User-Access-Levels.htm /Admin/CLI-User-Access-Levels.htm
redirect 301 /Configuring-and-Managing/Clock-Sync.htm /Admin/Clock-Sync.htm
redirect 301 /Configuring-and-Managing/Config-Sync.htm /Features/Config-Sync/Config-Sync-Overview.htm
redirect 301 /Configuring-and-Managing/Configure-HA-Hostname.htm /Features/HA-Redundancy/Configure-HA-Hostname.htm
redirect 301 /Configuring-and-Managing/Configure-Replication-Hostname.htm /Features/DR-Replication/Configure-Replication-Hostname.htm
redirect 301 /Configuring-and-Managing/configure-TLS-broker-manager.htm /Admin/configure-TLS-broker-manager.htm
redirect 301 /Configuring-and-Managing/Configuring-Appliance-IP-Interfaces.htm /Admin/IP-Interfaces/Configuring-Appliance-IP-Interfaces.htm
redirect 301 /Configuring-and-Managing/Configuring-Appliance-Redundancy-Parameters.htm /Features/HA-Redundancy/Configuring-Appliance-Redundancy-Parameters.htm
redirect 301 /Configuring-and-Managing/Configuring-Cipher-Suites-for-Inbound-Connections.htm /Security/Configuring-Cipher-Suites-for-Inbound-Connections.htm
redirect 301 /Configuring-and-Managing/Configuring-Client-Authentication.htm /Security/Configuring-Client-Authentication.htm
redirect 301 /Configuring-and-Managing/Configuring-Client-Authorization.htm /Security/Configuring-Client-Authorization.htm
redirect 301 /Configuring-and-Managing/Configuring-Client-Profiles.htm /Security/Configuring-Client-Profiles.htm
redirect 301 /Configuring-and-Managing/Configuring-Client-Usernames.htm /Security/Configuring-Client-Usernames.htm
redirect 301 /Configuring-and-Managing/Configuring-Config-Sync.htm /Features/Config-Sync/Configuring-Config-Sync.htm
redirect 301 /Configuring-and-Managing/Configuring-CRIME-Exploit-Protect.htm /Security/Configuring-CRIME-Exploit-Protect.htm
redirect 301 /Configuring-and-Managing/Configuring-CRL-Certificate-Revocation.htm /Security/Configuring-CRL-Certificate-Revocation.htm
redirect 301 /Configuring-and-Managing/Configuring-Data-Center-Replication.htm /Features/DR-Replication/Configuring-Data-Center-Replication.htm
redirect 301 /Configuring-and-Managing/Configuring-Default-Access-Levels-Externally.htm /Admin/Configuring-Default-Access-Levels-Externally.htm
redirect 301 /Configuring-and-Managing/Configuring-DNS.htm /Admin/Configuring-DNS.htm
redirect 301 /Configuring-and-Managing/Configuring-DTEs.htm /Messaging/Guaranteed-Msg/Configuring-DTEs.htm
redirect 301 /Configuring-and-Managing/Configuring-Endpoint-Templates.htm /Messaging/Guaranteed-Msg/Configuring-Endpoint-Templates.htm
redirect 301 /Configuring-and-Managing/Configuring-EventBroker-for-REST.htm /Services/Configuring-EventBroker-for-REST.htm
redirect 301 /Configuring-and-Managing/Configuring-Event-Broker-Names.htm /Admin/Configuring-Event-Broker-Names.htm
redirect 301 /Configuring-and-Managing/Configuring-External-Disk-Arrays.htm /Messaging/Guaranteed-Msg/Configuring-External-Disk-Arrays.htm
redirect 301 /Configuring-and-Managing/Configuring-File-Transfer-User-Accounts.htm /Admin/Configuring-File-Transfer-User-Accounts.htm
redirect 301 /Configuring-and-Managing/Configuring-Guaranteed-Msging.htm /Messaging/Guaranteed-Msg/Configuring-Guaranteed-Msging.htm
redirect 301 /Configuring-and-Managing/Configuring-HA-Groups.htm /Features/HA-Redundancy/Configuring-HA-Groups.htm
redirect 301 /Configuring-and-Managing/Configuring-Host-Names.htm /Admin/Configuring-Host-Names.htm
redirect 301 /Configuring-and-Managing/Configuring-Internal-CLI-User-Accounts.htm /Admin/Configuring-Internal-CLI-User-Accounts.htm
redirect 301 /Configuring-and-Managing/Configuring-LAGs.htm /Admin/IP-Interfaces/Configuring-LAGs.htm
redirect 301 /Configuring-and-Managing/Configuring-LDAP-Authentication.htm /Admin/Configuring-LDAP-Authentication.htm
redirect 301 /Configuring-and-Managing/Configuring-LDAP-Groups.htm /Security/Configuring-LDAP-Groups.htm
redirect 301 /Configuring-and-Managing/Configuring-Mgmt-and-MBackbone-Interfaces.htm /Admin/IP-Interfaces/Configuring-Mgmt-and-MBackbone-Interfaces.htm
redirect 301 /Configuring-and-Managing/Configuring-Mgmt-and-Shell-Users.htm /Admin/Configuring-Mgmt-and-Shell-Users.htm
redirect 301 /Configuring-and-Managing/Configuring-Multiple-Shell-Users.htm /Admin/Configuring-Multiple-Shell-Users.htm
redirect 301 /Configuring-and-Managing/Configuring-OAuth-Authorization.htm /Security/Configuring-OAuth-Authorization.htm
redirect 301 /Configuring-and-Managing/Configuring-OAuth-for-Management-Access.htm /Admin/Configuring-OAuth-for-Management-Access.htm
redirect 301 /Configuring-and-Managing/Configuring-OCSP-Certificate-Revocation.htm /Security/Configuring-OCSP-Certificate-Revocation.htm
redirect 301 /Configuring-and-Managing/Configuring-OCSP-CRL-Certificate-Revocation.htm /Security/Configuring-OCSP-CRL-Certificate-Revocation.htm
redirect 301 /Configuring-and-Managing/Configuring-PTP.htm /Admin/Configuring-PTP.htm
redirect 301 /Configuring-and-Managing/Configuring-Queues.htm /Messaging/Guaranteed-Msg/Configuring-Queues.htm
redirect 301 /Configuring-and-Managing/Configuring-RADIUS-Authentication.htm /Admin/Configuring-RADIUS-Authentication.htm
redirect 301 /Configuring-and-Managing/Configuring-Server-Cert-Validation.htm /Security/Configuring-Server-Cert-Validation.htm
redirect 301 /Configuring-and-Managing/Configuring-Storage.htm /Software-Broker/Configuring-Storage.htm
redirect 301 /Configuring-and-Managing/Configuring-TCP-Settings.htm /Services/Configuring-TCP-Settings.htm
redirect 301 /Configuring-and-Managing/Configuring-TLS11-Service-Connect-Settings.htm /Security/Configuring-TLS11-Service-Connect-Settings.htm
redirect 301 /Configuring-and-Managing/Configuring-TLS-Service-Connect-Settings.htm /Security/Configuring-TLS-Service-Connect-Settings.htm
redirect 301 /Configuring-and-Managing/Configuring-VPN-Bridges.htm /Features/VPN/Configuring-VPN-Bridges.htm
redirect 301 /Configuring-and-Managing/Configuring-VPNs.htm /Features/VPN/Configuring-VPNs.htm
redirect 301 /Configuring-and-Managing/Data-Center-Replication.htm /Features/DR-Replication/Data-Center-Replication-Overview.htm
redirect 301 /Configuring-and-Managing/Default-Port-Numbers.htm /Admin/Default-Port-Numbers.htm
redirect 301 /Configuring-and-Managing/Disconnecting-Bridge-Connections.htm /Features/VPN/Disconnecting-Bridge-Connections.htm
redirect 301 /Configuring-and-Managing/Disconnecting-CLI-User-Sessions.htm /Admin/Disconnecting-CLI-User-Sessions.htm
redirect 301 /Configuring-and-Managing/Disconnecting-Specific-Clients.htm /Security/Disconnecting-Specific-Clients.htm
redirect 301 /Configuring-and-Managing/Displaying-Logs.htm /Monitoring/Displaying-Logs.htm
redirect 301 /Configuring-and-Managing/Displaying-User-Authentication-Info.htm /Admin/Displaying-User-Authentication-Info.htm
redirect 301 /Configuring-and-Managing/DMR.htm /Features/DMR/DMR-Overview.htm
redirect 301 /Configuring-and-Managing/DMR-Best-Practices.htm /Features/DMR/DMR-Best-Practices.htm
redirect 301 /Configuring-and-Managing/DMR-Examples.htm /Features/DMR/DMR-Examples.htm
redirect 301 /Configuring-and-Managing/DMR-Examples-Multi-Site.htm /Features/DMR/DMR-Examples-Multi-Site.htm
redirect 301 /Configuring-and-Managing/DMR-Examples-Multi-Site-Config.htm /Features/DMR/DMR-Examples-Multi-Site-Config.htm
redirect 301 /Configuring-and-Managing/DMR-Examples-Scaling.htm /Features/DMR/DMR-Examples-Scaling.htm
redirect 301 /Configuring-and-Managing/DMR-Examples-Scaling-Config.htm /Features/DMR/DMR-Examples-Scaling-Config.htm
redirect 301 /Configuring-and-Managing/DMR-Mgmt.htm /Features/DMR/DMR-Overview.htm
redirect 301 /Configuring-and-Managing/DMR-Mgmt-Cluster-Config.htm /Features/DMR/DMR-Mgmt-Cluster-Config.htm
redirect 301 /Configuring-and-Managing/DMR-Mgmt-Cluster-Link-Config.htm /Features/DMR/DMR-Mgmt-Cluster-Link-Config.htm
redirect 301 /Configuring-and-Managing/DMR-Mgmt-Migrating-from-MNR-to-DMR.htm /Features/DMR/DMR-Overview.htm#Feature_Interactions
redirect 301 /Configuring-and-Managing/DMR-Mgmt-Mode-Config.htm /Features/DMR/DMR-Mgmt-Mode-Config.htm
redirect 301 /Configuring-and-Managing/DMR-Mgmt-Monitor.htm /Features/DMR/DMR-Mgmt-Monitor.htm
redirect 301 /Configuring-and-Managing/DMR-Mgmt-Msg-Vpn.htm /Features/DMR/DMR-Mgmt-Msg-Vpn.htm
redirect 301 /Configuring-and-Managing/DMR-Mgmt-Prerequisites.htm /Features/DMR/DMR-Mgmt-Prerequisites.htm
redirect 301 /Configuring-and-Managing/DMR-Setup-Overview.htm /Features/DMR/DMR-Setup-Overview.htm
redirect 301 /Configuring-and-Managing/DMR-Subscription-Mgmt.htm /Features/DMR/DMR-Subscription-Mgmt.htm
redirect 301 /Configuring-and-Managing/DMR-Tech.htm /Features/DMR/DMR-Terminology.htm
redirect 301 /Configuring-and-Managing/DMR-Terminology.htm /Features/DMR/DMR-Terminology.htm
redirect 301 /Configuring-and-Managing/DMR-with-DR-Cluster-Link-Config.htm /Features/DMR/DMR-with-DR-Cluster-Link-Config.htm
redirect 301 /Configuring-and-Managing/DTO.htm /Messaging/DTO.htm
redirect 301 /Configuring-and-Managing/Enable-G-Msg-HA-Appliance.htm /Features/HA-Redundancy/Enable-G-Msg-HA-Appliance.htm
redirect 301 /Configuring-and-Managing/Enabling-TLS-Downgrade.htm /Security/Enabling-TLS-Downgrade.htm
redirect 301 /Configuring-and-Managing/Engineering-Guidelines-for-Disk-Arrays.htm /Messaging/Guaranteed-Msg/Engineering-Guidelines-for-Disk-Arrays.htm
redirect 301 /Configuring-and-Managing/General-Configuration-Tasks.htm /Admin/Solace-CLI/Using-Solace-CLI.htm
redirect 301 /Configuring-and-Managing/Hardware-Maintenance-Tasks /Appliance/Hardware-Maintenance-Tasks
redirect 301 /Configuring-and-Managing/Hardware-Maintenance-Tasks.htm /Appliance/Hardware-Maintenance-Tasks/Hardware-Maintenance-Tasks.htm
redirect 301 /Configuring-and-Managing/HTTP-Header-Authentication-AWS-API-Gateway.htm /Services/HTTP-Header-Authentication-AWS-API-Gateway.htm
redirect 301 /Configuring-and-Managing/HTTP-Header-Authentication-Azure-Functions.htm /Services/HTTP-Header-Authentication-Azure-Functions.htm
redirect 301 /Configuring-and-Managing/IP-If-Config.htm /Admin/IP-Interfaces/IP-If-Config.htm
redirect 301 /Configuring-and-Managing/Load-Balancer-Health-Check.htm /Admin/Load-Balancer-Health-Check.htm
redirect 301 /Configuring-and-Managing/Make-Config-Changes-to-Ext-Array.htm /Messaging/Guaranteed-Msg/Make-Config-Changes-to-Ext-Array.htm
redirect 301 /Configuring-and-Managing/Managing-Access-Control-Lists.htm /Security/Managing-Access-Control-Lists.htm
redirect 301 /Configuring-and-Managing/Managing-Appliance-IP-Interfaces.htm /Admin/IP-Interfaces/Managing-Appliance-IP-Interfaces.htm
redirect 301 /Configuring-and-Managing/Managing-Appliance-Redundancy.htm /Features/HA-Redundancy/Managing-Appliance-Redundancy.htm
redirect 301 /Configuring-and-Managing/Managing-Certificate-Authorities.htm /Security/Managing-Certificate-Authorities.htm
redirect 301 /Configuring-and-Managing/Managing-Client-Authentic-and-Authoriz.htm /Security/Configuring-Client-Authentication.htm
redirect 301 /Configuring-and-Managing/Managing-Client-Authentication.htm /Security/Configuring-Client-Authentication.htm
redirect 301 /Configuring-and-Managing/Managing-Client-Authorization.htm /Security/Configuring-Client-Authorization.htm
redirect 301 /Configuring-and-Managing/Managing-Consumption-of-Event-Broker-Resources.htm /Admin/Managing-Consumption-of-Event-Broker-Resources.htm
redirect 301 /Configuring-and-Managing/Managing-Consumption-of-Msg-Broker-Resources.htm /Admin/Managing-Consumption-of-Event-Broker-Resources.htm
redirect 301 /Configuring-and-Managing/Managing-Cryptographic-Keys.htm /Security/Managing-Cryptographic-Keys.htm
redirect 301 /Configuring-and-Managing/Managing-Event-Broker-Files.htm /Admin/Managing-Event-Broker-Files.htm
redirect 301 /Configuring-and-Managing/Managing-Event-Broker-Redundancy.htm /Features/HA-Redundancy/Managing-Event-Broker-Redundancy.htm
redirect 301 /Configuring-and-Managing/Managing-Event-Delivery-Resources.htm /Messaging/Managing-Event-Delivery-Resources.htm
redirect 301 /Configuring-and-Managing/Managing-Guaranteed-Messaging.htm /Messaging/Guaranteed-Msg/Managing-Guaranteed-Messaging.htm
redirect 301 /Configuring-and-Managing/Managing-Message-VPN-Bridges.htm /Features/VPN/Managing-Message-VPN-Bridges.htm
redirect 301 /Configuring-and-Managing/Managing-Message-VPNs.htm /Features/VPN/Managing-Message-VPNs.htm
redirect 301 /Configuring-and-Managing/Managing-MQTT-Messaging.htm /Services/Managing-MQTT-Messaging.htm
redirect 301 /Configuring-and-Managing/Managing-MQTT-Retained-Messages.htm /Services/Managing-MQTT-Retained-Messages.htm
redirect 301 /Configuring-and-Managing/Managing-MQTT-Sessions.htm /Services/Managing-MQTT-Sessions.htm
redirect 301 /Configuring-and-Managing/Managing-Msg-Broker-Files.htm /Admin/Managing-Event-Broker-Files.htm
redirect 301 /Configuring-and-Managing/Managing-Msg-Broker-Redundancy.htm /Features/HA-Redundancy/Managing-Event-Broker-Redundancy.htm
redirect 301 /Configuring-and-Managing/Managing-Msg-Delivery-Resources.htm /Messaging/Managing-Event-Delivery-Resources.htm
redirect 301 /Configuring-and-Managing/Managing-Multi-Node-Routing-Links.htm /Features/MNR/Managing-Multi-Node-Routing-Links.htm
redirect 301 /Configuring-and-Managing/Managing-Open-Protocols.htm /API/Open-APIs-Protocols.htm
redirect 301 /Configuring-and-Managing/Managing-RDPs.htm /Services/Managing-RDPs.htm
redirect 301 /Configuring-and-Managing/Managing-REST-Messaging.htm /Services/Managing-REST-Messaging.htm
redirect 301 /Configuring-and-Managing/Managing-REST-Service.htm /Services/Managing-REST-Service.htm
redirect 301 /Configuring-and-Managing/Managing-Server-Certs.htm /Security/Managing-Server-Certs.htm
redirect 301 /Configuring-and-Managing/Managing-Services.htm /Services/Managing-Services.htm
redirect 301 /Configuring-and-Managing/Managing-Solace-JNDI-Objects.htm /API/Solace-JMS-API/Managing-Solace-JNDI-Objects.htm
redirect 301 /Configuring-and-Managing/Managing-TLS-SSL-Service.htm /Security/Managing-TLS-SSL-Service.htm
redirect 301 /Configuring-and-Managing/Manually-Switch-Activity-Between-LAG-Members.htm /Admin/IP-Interfaces/Manually-Switch-Activity-Between-LAG-Members.htm
redirect 301 /Configuring-and-Managing/Message-Replay.htm /Features/Replay/Message-Replay-Overview.htm
redirect 301 /Configuring-and-Managing/Message-VPN-Bridges.htm /Features/VPN/Message-VPN-Bridges.htm
redirect 301 /Configuring-and-Managing/Message-VPN-Bridge-Setup-Examples.htm /Features/VPN/Message-VPN-Bridge-Setup-Examples.htm
redirect 301 /Configuring-and-Managing/Microgateways.htm /Services/Microgateways.htm
redirect 301 /Configuring-and-Managing/Monitoring-Appliance-Redundancy.htm /Features/HA-Redundancy/Monitoring-Appliance-Redundancy.htm
redirect 301 /Configuring-and-Managing/Monitoring-Blades.htm /Monitoring/Monitoring-Blades.htm
redirect 301 /Configuring-and-Managing/Monitoring-Certificate-Authorities.htm /Security/Monitoring-Certificate-Authorities.htm
redirect 301 /Configuring-and-Managing/Monitoring-Guaranteed-Messaging.htm /Messaging/Guaranteed-Msg/Monitoring-Guaranteed-Messaging.htm
redirect 301 /Configuring-and-Managing/Monitoring-JNDI-Objects.htm /API/Solace-JMS-API/Monitoring-JNDI-Objects.htm
redirect 301 /Configuring-and-Managing/Monitoring-Message-VPN-Bridges.htm /Features/VPN/Monitoring-Message-VPN-Bridges.htm
redirect 301 /Configuring-and-Managing/Monitoring-Physical-Interfaces-and-IP-VRFs.htm /Admin/IP-Interfaces/Monitoring-Physical-Interfaces-and-IP-VRFs.htm
redirect 301 /Configuring-and-Managing/Monitoring-Replication.htm /Features/DR-Replication/Monitoring-Replication.htm
redirect 301 /Configuring-and-Managing/Monitoring-TLS-SSL-Service.htm /Security/Monitoring-TLS-SSL-Service.htm
redirect 301 /Configuring-and-Managing/Monitoring-VPN-Stats.htm /Features/VPN/Monitoring-VPN-Stats.htm
redirect 301 /Configuring-and-Managing/Mon-Mgmt-Disk-Con.htm /Admin/Mon-Mgmt-Disk-Con.htm
redirect 301 /Configuring-and-Managing/Moving-VPN-Configs-Between-Routers.htm /Features/VPN/Moving-VPN-Configs-Between-Routers.htm
redirect 301 /Configuring-and-Managing/Msg-Replay-Concepts-Config.htm /Features/Replay/Msg-Replay-Concepts-Config.htm
redirect 301 /Configuring-and-Managing/Msg-Replay-Config.htm /Features/Replay/Msg-Replay-Config.htm
redirect 301 /Configuring-and-Managing/Msg-Replay-Examples.htm /Features/Replay/Msg-Replay-Examples.htm
redirect 301 /Configuring-and-Managing/Msg-Replay-Monitoring.htm /Features/Replay/Msg-Replay-Monitoring.htm
redirect 301 /Configuring-and-Managing/Msg-Replay-Playback.htm /Features/Replay/Msg-Replay-Playback.htm
redirect 301 /Configuring-and-Managing/Msg-Replay-Video.htm /Features/Replay/Msg-Replay-Video.htm
redirect 301 /Configuring-and-Managing/OAuth-Authentication-Azure-Event-Hub.htm /Services/OAuth-Authentication-Azure-Event-Hub.htm
redirect 301 /Configuring-and-Managing/OAuth-Authentication-Google-Functions.htm /Services/OAuth-Authentication-Google-Functions.htm
redirect 301 /Configuring-and-Managing/OAuth-Authentication-Google-Run.htm /Services/OAuth-Authentication-Google-Run.htm
redirect 301 /Configuring-and-Managing/Performing-Heuristic-Actions.htm /Messaging/Guaranteed-Msg/Performing-Heuristic-Actions.htm
redirect 301 /Configuring-and-Managing/Possible-IP-Configurations.htm /Admin/IP-Interfaces/Possible-IP-Configurations.htm
redirect 301 /Configuring-and-Managing/Pre-Shared-Keys-Appl.htm /Features/HA-Redundancy/Pre-Shared-Keys-Appl.htm
redirect 301 /Configuring-and-Managing/Pre-Shared-Keys-SMB.htm /Features/HA-Redundancy/Pre-Shared-Keys-SMB.htm
redirect 301 /Configuring-and-Managing/Product-Key.htm /Admin/Product-Key.htm
redirect 301 /Configuring-and-Managing/Reconfiguring-LoopBack.htm /Features/DR-Replication/Reconfiguring-LoopBack.htm
redirect 301 /Configuring-and-Managing/Redundancy.htm /Features/HA-Redundancy/Redundancy-and-Fault-Tolerance-Overview.htm
redirect 301 /Configuring-and-Managing/Re-establish-Secure-Connects.htm /Security/Re-establish-Secure-Connects.htm
redirect 301 /Configuring-and-Managing/Replication-Sys-Level-Settings.htm /Features/DR-Replication/Replication-Sys-Level-Settings.htm
redirect 301 /Configuring-and-Managing/Replication-VPN-Level-Settings.htm /Features/DR-Replication/Replication-VPN-Level-Settings.htm
redirect 301 /Configuring-and-Managing/Replication-with-DMR.htm /Features/DR-Replication/Replication-with-DMR.htm
redirect 301 /Configuring-and-Managing/Restarting-Appliances.htm /Appliance/Restarting-Appliances.htm
redirect 301 /Configuring-and-Managing/REST-connector-examples.htm /Services/REST-connector-examples.htm
redirect 301 /Configuring-and-Managing/Setting-CLI-User-Authentication-Types.htm /Admin/Setting-CLI-User-Authentication-Types.htm
redirect 301 /Configuring-and-Managing/Setting-Dead-Msg-Queues.htm /Messaging/Guaranteed-Msg/Setting-Dead-Msg-Queues.htm
redirect 301 /Configuring-and-Managing/SW-Broker-Specific-Config/Docker-Tasks/HA-Config/HA-Docker-macOS.htm /Features/HA-Redundancy/HA-Docker-macOS.htm
redirect 301 /Configuring-and-Managing/SW-Broker-Specific-Config/Docker-Tasks/HA-Config/HA-Docker-Windows.htm /Features/HA-Redundancy/HA-Docker-Windows.htm
redirect 301 /Configuring-and-Managing/Steps-for-Configuring-HA-Pairs.htm /Features/HA-Redundancy/Steps-for-Configuring-HA-Pairs.htm
redirect 301 /Configuring-and-Managing/Steps-for-Replication-Configuration.htm /Features/DR-Replication/Steps-for-Replication-Configuration.htm
redirect 301 /Configuring-and-Managing/Synchronizing-Message-Broker-Clocks.htm /Admin/Synchronizing-Message-Broker-Clocks.htm
redirect 301 /Configuring-and-Managing/System-Level-Msg-Spool-Config.htm /Messaging/Guaranteed-Msg/System-Level-Msg-Spool-Config.htm
redirect 301 /Configuring-and-Managing/System-Level-Subscription-Exception-Config.htm /Messaging/Guaranteed-Msg/System-Level-Subscription-Exception-Config.htm
redirect 301 /Configuring-and-Managing/TLS-SSL-Encryption.htm /Security/TLS-SSL-Encryption.htm
redirect 301 /Configuring-and-Managing/TLS-SSL-Service-Connections.htm /Security/TLS-SSL-Service-Connections.htm
redirect 301 /Configuring-and-Managing/Tuning-Link-Performance-for-WANs.htm /Admin/Tuning-Link-Performance-for-WANs.htm
redirect 301 /Configuring-and-Managing/Turn-Off-Power.htm /Appliance/Turn-Off-Power.htm
redirect 301 /Configuring-and-Managing/Two-Way-SSL-Authentication.htm /Security/Two-Way-SSL-Authentication.htm
redirect 301 /Configuring-and-Managing/Using-Message-Compresssion.htm /Messaging/Using-Message-Compresssion.htm
redirect 301 /Configuring-and-Managing/Validating-Failover.htm /Features/HA-Redundancy/Validating-Failover.htm
redirect 301 /Configuring-and-Managing/Viewing-Client-Config-Info.htm /Security/Viewing-Client-Config-Info.htm
redirect 301 /Configuring-and-Managing/Viewing-JNDI-Object-Schemas.htm /API/Solace-JMS-API/Viewing-JNDI-Object-Schemas.htm
redirect 301 /Configuring-and-Managing/VPN-Bridging-to-Remote-Appliances.htm /Features/VPN/VPN-Bridging-to-Remote-Appliances.htm
redirect 301 /Configuring-and-Managing/VPN-Level-Msg-Spool-Config.htm /Messaging/Guaranteed-Msg/VPN-Level-Msg-Spool-Config.htm
redirect 301 /Configuring-and-Managing-Routers/Managing-Message-VPNs.htm /Features/VPN/Managing-Message-VPNs.htm
redirect 301 /Developer-Information.htm /Solace-PubSub-Messaging-APIs/Solace-APIs-Overview.htm
redirect 301 /Developer-Tools/Dev-Tools.htm /API/solace-codelabs.htm
redirect 301 /Dev-Videos/Videos.htm /Get-Started/Other-Learning-Resources.htm
redirect 301 /Features/Core-Concepts.htm /Get-Started/event-mesh-basics.htm
redirect 301 /Features/HA-Redundancy/SW-Broker-Redundancy-Management.htm /Features/HA-Redundancy/Configuring-HA-Groups.htm
redirect 301 /Features/VPN/VPN-Bridging-to-Remote-Appliances.htm /Features/VPN/VPN-Bridging-to-Remote-Event-Brokers.htm
redirect 301 /feature-index.htm /Get-Started/feature-index.htm
redirect 301 /Get-Started/Core-Concepts.htm /Get-Started/event-mesh-basics.htm
redirect 301 /Get-Started/Core-Concepts-Clients.htm /Get-Started/event-mesh-basics.htm
redirect 301 /Get-Started/Core-Concepts-Endpoints-Queues.htm /Get-Started/topic-endpoints-queues.htm
redirect 301 /Get-Started/Core-Concepts-Message-Delivery-Modes.htm /Get-Started/message-delivery-modes.htm
redirect 301 /Get-Started/Core-Concepts-Message-Models.htm /Get-Started/message-exchange-patterns.htm
redirect 301 /Get-Started/Core-Concepts-Messaging.htm /Get-Started/what-is-messaging.htm
redirect 301 /Get-Started/Message-VPNs.htm /Get-Started/message-vpn.htm
redirect 301 /Get-Started/Message-What-Is.htm /Get-Started/what-is-messaging.htm
redirect 301 /Get-Started/propagation-forwarding.htm /Get-Started/dynamic-message-routing.htm
redirect 301 /Get-Started/Understanding-Topics.htm /Get-Started/what-are-topics.htm
redirect 301 /glossary.htm /Get-Started/glossary.htm
redirect 301 /Hardware-Installation.htm /Appliance/Appliance-Set-Up/Hardware-Installation.htm
redirect 301 /Home.htm /index.html
redirect 301 /Home-full-docs.htm /index.html
redirect 301 /index.htm /index.html
redirect 301 /IPC/IPC-Guide.htm /API/IPC/IPC-Guide.htm
redirect 301 /MaaS.htm /Cloud/What-Is-PubSub-Cloud.htm
redirect 301 /Management-Tools.htm /Admin/Broker-Manager/PubSub-Manager-Overview.htm
redirect 301 /Messaging/DTO.htm /Messaging/Direct-Msg/DTO.htm
redirect 301 /Messaging/Guaranteed-Msg/Endpoints.htm#Endpoint /Messaging/Guaranteed-Msg/Endpoint-Templates.htm
redirect 301 /Messaging/Guaranteed-Msg/G-Msg-Queueing-Limits.htm /Messaging/Guaranteed-Msg/Basic-Guaranteed-Messsaging-Operation.htm#Queuing_Limits
redirect 301 /MQTT-311-Prtl-Conformance-Spec/MQTT_311_Prtl_Conformance_Spec.htm /API/MQTT-311-Prtl-Conformance-Spec/MQTT_311_Prtl_Conformance_Spec.htm
redirect 301 /MQTT-v50-Prtl-Conformance-Spec/mqtt-v50-abstract-notices.htm /API/MQTT-v50-Prtl-Conformance-Spec/mqtt-v50-abstract-notices.htm
redirect 301 /Next-steps.htm /Get-Started/Next-steps.htm
redirect 301 /Open-APIs-Protocols/AMQP/AMQP-get-started.htm /API/AMQP/AMQP-get-started.htm
redirect 301 /Open-APIs-Protocols/OMAMA-get-started.htm /API/OMAMA-get-started.htm
redirect 301 /Open-APIs-Protocols/Open-APIs-Protocols.htm /API/Open-APIs-Protocols.htm
redirect 301 /Open-APIs-Protocols/REST-get-start.htm /API/REST/REST-get-start.htm
redirect 301 /Open-APIs-Protocols/Using-REST.htm /API/REST/Using-REST.htm
redirect 301 /Overviews/Appliance-Redundancy-and-Fault-Tolerance.htm /Features/HA-Redundancy/Appliance-Redundancy-and-Fault-Tolerance.htm
redirect 301 /Overviews/Config-Sync-Overview.htm /Features/Config-Sync/Config-Sync-Overview.htm
redirect 301 /Overviews/Data-Center-Replication-Overview.htm /Features/DR-Replication/Data-Center-Replication-Overview.htm
redirect 301 /Overviews/DMR-Overview.htm /Features/DMR/DMR-Overview.htm
redirect 301 /Overviews/Message-Replay-Overview.htm /Features/Replay/Message-Replay-Overview.htm
redirect 301 /Overviews/Message-VPN-Bridges-Overview.htm /Features/VPN/Message-VPN-Bridges-Overview.htm
redirect 301 /Overviews/Mgmt-User-Authen-Auth-Overview.htm /Admin/Mgmt-User-Authen-Auth-Overview.htm
redirect 301 /Overviews/Redundancy-and-Fault-Tolerance-Overview.htm /Features/HA-Redundancy/Redundancy-and-Fault-Tolerance-Overview.htm
redirect 301 /Overviews/Substitution-Expressions-Overview.htm /Messaging/Substitution-Expressions-Overview.htm
redirect 301 /Overviews/SW-Broker-Redundancy-and-Fault-Tolerance.htm /Features/HA-Redundancy/SW-Broker-Redundancy-and-Fault-Tolerance.htm
redirect 301 /PubSub-Basics/Basic-G-Msging-Operation.htm /Messaging/Guaranteed-Msg/Basic-Guaranteed-Messsaging-Operation.htm
redirect 301 /PubSub-Basics/Basics.htm /Get-Started/event-mesh-basics.htm
redirect 301 /PubSub-Basics/Core-Concepts.htm /Get-Started/event-mesh-basics.htm
redirect 301 /PubSub-Basics/Core-Concepts-Endpoints-Queues.htm /Messaging/Guaranteed-Msg/Endpoints.htm
redirect 301 /PubSub-Basics/Core-Concepts-Solace-Event-Broker-Concepts.htm /Get-Started/event-mesh-basics.htm
redirect 301 /PubSub-Basics/Core-Concepts-Solace-Msg-Broker-Concepts.htm /Get-Started/event-mesh-basics.htm
redirect 301 /PubSub-Basics/Direct-Messages.htm /Messaging/Direct-Msg/Direct-Messages.htm
redirect 301 /PubSub-Basics/Endpoints.htm /Messaging/Guaranteed-Msg/Endpoints.htm
redirect 301 /PubSub-Basics/Guaranteed-Messages.htm /Messaging/Guaranteed-Msg/Guaranteed-Messages.htm
redirect 301 /PubSub-Basics/Reserved-Topics.htm /Messaging/Reserved-Topics.htm
redirect 301 /PubSub-ConceptMaps.htm /Get-Started/event-mesh-basics.htm
redirect 301 /quick-links-reference.htm /Get-Started/quick-links-reference.htm
redirect 301 /RESTMessagingPrtl/Solace-REST-Overview.htm /API/RESTMessagingPrtl/Solace-REST-Overview.htm
redirect 301 /Security/Configuring-TLS11-Service-Connect-Settings.htm /Security/Configuring-TLS-Service-Connect-Settings.htm
redirect 301 /SDKPerf/SDKPerf.htm /API/SDKPerf/SDKPerf.htm
redirect 301 /Software-Broker/SW-Broker-Set-Up/Containers/Set-Up-Docker-Container-CentOS-EC2.htm /Software-Broker/SW-Broker-Set-Up/Containers/Set-Up-Container-Image.htm
redirect 301 /Software-Broker/SW-Broker-Set-Up/Containers/Set-Up-Docker-Container-Ubuntu-EC2.htm /Software-Broker/SW-Broker-Set-Up/Containers/Set-Up-Container-Image.htm
redirect 301 /Software-Broker/SW-Broker-Set-Up/Containers/Set-Up-Single-Linux-Container.htm /Software-Broker/SW-Broker-Set-Up/Containers/Set-Up-Docker-Container-Linux.htm
redirect 301 /Solace-CLI/CLI-Reference/APPL_CLI_Commands.html /Admin-Ref/CLI-Reference/APPL_CLI_Commands.html
redirect 301 /Solace-CLI/CLI-Reference/Command_Line_Reference.html /Admin-Ref/CLI-Reference/Command-Line-Reference.htm
redirect 301 /Solace-CLI/CLI-Reference/Command-Line-Reference.htm /Admin-Ref/CLI-Reference/Command-Line-Reference.htm
redirect 301 /Solace-CLI/CLI-Reference/VMR_CLI_Commands.html /Admin-Ref/CLI-Reference/VMR_CLI_Commands.html
redirect 301 /Solace-Appliance-Set-Up/App-Rel-Comp.htm /Release-Compatibility/Release-Compatibility.htm
redirect 301 /Solace-Cloud.htm /Cloud/What-Is-PubSub-Cloud.htm
redirect 301 /Solace-Cloud/Event-Portal/designing-managing-events.htm /Cloud/Event-Portal/event-portal-designer.htm
redirect 301 /Solace-Cloud/Event-Portal/Discovering-Events-and-EDAs.htm /Cloud/Event-Portal/event-portal-discovery.htm
redirect 301 /Solace-Cloud/Event-Portal/Event-Portal.htm /Cloud/Event-Portal/event-portal.htm
redirect 301 /Solace-Cloud/Event-Portal/Event-Portal-Tutorials.htm /Cloud/Event-Portal/designing-managing-events.htm
redirect 301 /Solace-Cloud/Event-Portal/get-started-event-portal.htm /Cloud/Event-Portal/get-started-event-portal-designer.htm
redirect 301 /Solace-Cloud/Insights/Advanced-Monitoring/content-release-notes.htm /Release-Notes/PubSub-Cloud-Release-Notes.htm
redirect 301 /Solace-Cloud/manage-pubsubplus-authentication.htm /Cloud/manage-cloud-authentication.htm
redirect 301 /Solace-Cloud/security-pubsub-broker-manager.htm /Cloud/security-broker-manager.htm
redirect 301 /solace-codelabs.htm /API/solace-codelabs.htm
redirect 301 /Solace-Messaging-APIs.htm /API/Messaging-APIs/Solace-APIs-Overview.htm
redirect 301 /Solace-PubSub-Messaging-APIs/API-Developer-Guide/Supported-Environments.htm /API/API-Developer-Guide/Supported-Environments.htm
redirect 301 /Solace-PubSub-Messaging-APIs/C-API/c-api-home.htm /API/Messaging-APIs/C-API/c-api-home.htm
redirect 301 /Solace-PubSub-Messaging-APIs/dotNet-API/net-api-home.htm /API/Messaging-APIs/dotNet-API/net-api-home.htm
redirect 301 /Solace-PubSub-Messaging-APIs/Go-API/go-home.htm /API/Messaging-APIs/Go-API/go-home.htm
redirect 301 /Solace-PubSub-Messaging-APIs/iOS-API/iOS-api-home.htm /API/Messaging-APIs/iOS-API/iOS-api-home.htm
redirect 301 /Solace-PubSub-Messaging-APIs/Java-API/java-api-home.htm /API/Messaging-APIs/Java-API/java-api-home.htm
redirect 301 /Solace-PubSub-Messaging-APIs/JavaRTO-API/java-rto-home.htm /API/Messaging-APIs/JavaRTO-API/java-rto-home.htm
redirect 301 /Solace-PubSub-Messaging-APIs/JavaScript-API/js-home.htm /API/Messaging-APIs/JavaScript-API/js-home.htm
redirect 301 /Solace-PubSub-Messaging-APIs/JCSMP-API/jcsmp-api-home.htm /API/Messaging-APIs/JCSMP-API/jcsmp-api-home.htm
redirect 301 /Solace-PubSub-Messaging-APIs/NodeJS-API/node-js-home.htm /API/Messaging-APIs/NodeJS-API/node-js-home.htm
redirect 301 /Solace-PubSub-Messaging-APIs/Python-API/python-home.htm /API/Messaging-APIs/Python-API/python-home.htm
redirect 301 /Solace-PubSub-Event-Brokers.htm /Get-Started/Solace-PubSub-Platform.htm
redirect 301 /Solace-PubSub-Event-Reference/event_ref_boiler.html /Admin-Ref/Solace-PubSub-Event-Reference/event_ref_boiler.html
redirect 301 /Solace-PubSub-Messaging-APIs/Code-and-Compile-Guideli.htm /API/Messaging-APIs/Code-and-Compile-Guideli.htm
redirect 301 /Solace-PubSub-Messaging-APIs/Solace-APIs-Overview.htm /API/Messaging-APIs/Solace-APIs-Overview.htm
redirect 301 /Solace-PubSub-Msg-Brokers.htm /Get-Started/Solace-PubSub-Platform.htm
redirect 301 /Solace-PubSub-Platform.htm /Get-Started/Solace-PubSub-Platform.htm
redirect 301 /Solace-SW-Broker-Set-Up/Docker-Containers/Set-Up-Docker-Container-Image.htm /Software-Broker/SW-Broker-Set-Up/Containers/Set-Up-Container-Image.htm
redirect 301 /Solace-SW-Broker-Set-Up/Docker-Containers/Set-Up-Docker-Container-macOS.htm /Software-Broker/SW-Broker-Set-Up/Containers/Set-Up-Container-Image.htm
redirect 301 /Solace-SW-Broker-Set-Up/Starting-SW-Brokers-for-the-First-Time/Set-Up-in-AWS.htm /Software-Broker/SW-Broker-Set-Up/Machine-Images/Set-Up-in-AWS.htm
redirect 301 /SolAdmin/SolAdmin-Home.htm /Admin/SolAdmin/SolAdmin-Overview.htm
redirect 301 /SolOS-Event-Reference/SolOS-Event-Reference.htm /Admin-Ref/Solace-PubSub-Event-Reference/event_ref_boiler.html
redirect 301 /SolOS-TR_Event_Reference/event_ref_boiler.html /Admin-Ref/Solace-PubSub-Event-Reference/event_ref_boiler.html
redirect 301 /SolOS-TR_Event_Reference/SolOS_Event_Reference.html /Solace-PubSub-Event-Reference/event_ref_boiler.html
redirect 301 /System-and-Software-Maintenance/Add-Redundancy-Interface-HA-Pair.htm /Features/HA-Redundancy/Add-Redundancy-Interface-HA-Pair.htm
redirect 301 /System-and-Software-Maintenance/Backing-Up-and-Restoring-VPNs.htm /Features/VPN/Backing-Up-and-Restoring-VPNs.htm
redirect 301 /System-and-Software-Maintenance/Backing-Up-Config-Files-Externally.htm /Admin/Backing-Up-Config-Files-Externally.htm
redirect 301 /System-and-Software-Maintenance/Backup-Restore-HA-Configs.htm /Admin/Backup-Restore-HA-Configs.htm
redirect 301 /System-and-Software-Maintenance/Backup-Restore-SW-EventBroker-HA-Configs.htm /Admin/Backup-Restore-SW-EventBroker-HA-Configs.htm
redirect 301 /System-and-Software-Maintenance/Changing-IP-VRF-MSG-Backbone-HA.htm /Features/HA-Redundancy/Changing-IP-VRF-MSG-Backbone-HA.htm
redirect 301 /System-and-Software-Maintenance/Changing-MSG-Backbone-IP.htm /Appliance/Changing-MSG-Backbone-IP.htm
redirect 301 /System-and-Software-Maintenance/Changing-Software-Loads.htm /Appliance/Changing-Software-Loads.htm
redirect 301 /System-and-Software-Maintenance/Changing-VRID-for-HA-Appliances.htm /Features/HA-Redundancy/Changing-VRID-for-HA-Appliances.htm
redirect 301 /System-and-Software-Maintenance/Clearing-One-Shot-Events.htm /Monitoring/Clearing-One-Shot-Events.htm
redirect 301 /System-and-Software-Maintenance/Configuring-Client-Event-Output-and-Thresholds.htm /Monitoring/Configuring-Client-Event-Output-and-Thresholds.htm
redirect 301 /System-and-Software-Maintenance/Configuring-Client-Event-Thresholds.htm /Monitoring/Configuring-Client-Event-Thresholds.htm
redirect 301 /System-and-Software-Maintenance/Configuring-Log-Retention-Policy.htm /Monitoring/Configuring-Log-Retention-Policy.htm
redirect 301 /System-and-Software-Maintenance/Configuring-System-Event-Thresholds.htm /Monitoring/Configuring-System-Event-Thresholds.htm
redirect 301 /System-and-Software-Maintenance/Configuring-VPN-Event-Thresholds.htm /Monitoring/Configuring-VPN-Event-Thresholds.htm
redirect 301 /System-and-Software-Maintenance/Configuring-VPN-M-Spool-Event-Thresholds.htm /Monitoring/Configuring-VPN-M-Spool-Event-Thresholds.htm
redirect 301 /System-and-Software-Maintenance/Creating-Local-Backups.htm /Admin/Creating-Local-Backups.htm
redirect 301 /System-and-Software-Maintenance/Customizing-Generation-of-Events.htm /Monitoring/Customizing-Generation-of-Events.htm
redirect 301 /System-and-Software-Maintenance/Defragmenting-Guaranteed-Messaging.htm /Messaging/Guaranteed-Msg/Defragmenting-Guaranteed-Messaging.htm
redirect 301 /System-and-Software-Maintenance/Failing-Back.htm /Features/DR-Replication/Failing-Back.htm
redirect 301 /System-and-Software-Maintenance/Gathering-Event-Broker-Diagnostics.htm /Monitoring/Gathering-Event-Broker-Diagnostics.htm
redirect 301 /System-and-Software-Maintenance/Generating-CLI-Config-Sequences.htm /Admin/Generating-CLI-Config-Sequences.htm
redirect 301 /System-and-Software-Maintenance/HOL-blocking.htm /Messaging/Guaranteed-Msg/HOL-blocking.htm
redirect 301 /System-and-Software-Maintenance/Last-Restart-Reason.htm /Monitoring/Last-Restart-Reason.htm
redirect 301 /System-and-Software-Maintenance/Maintaining-Event-Broker-Redundancy-All-Broker.htm /Features/HA-Redundancy/Maintaining-Event-Broker-Redundancy-All-Broker.htm
redirect 301 /System-and-Software-Maintenance/Maintaining-Guaranteed-Messaging.htm /Messaging/Guaranteed-Msg/Maintaining-Guaranteed-Messaging.htm
redirect 301 /System-and-Software-Maintenance/Managing-Event-Broker-Configurations.htm /Admin/Managing-Event-Broker-Configurations.htm
redirect 301 /System-and-Software-Maintenance/Migrating-From-Internal-To-Ext-Disk.htm /Messaging/Guaranteed-Msg/Migrating-From-Internal-To-Ext-Disk.htm
redirect 301 /System-and-Software-Maintenance/Monitor-Index.htm /Monitoring/Monitor-Index.htm
redirect 301 /System-and-Software-Maintenance/Monitoring-and-Management.htm /Monitoring/Monitoring-and-Management.htm
redirect 301 /System-and-Software-Maintenance/Monitoring-Events-Using-Syslog.htm /Monitoring/Monitoring-Using-Syslog.htm
redirect 301 /System-and-Software-Maintenance/Perf-Con-Fail-Over.htm /Features/DR-Replication/Perf-Con-Fail-Over.htm
redirect 301 /System-and-Software-Maintenance/Receiving-Message-Bus-Events.htm /Monitoring/Receiving-Message-Bus-Events.htm
redirect 301 /System-and-Software-Maintenance/Recov-Uncon-Fail-Over.htm /Features/DR-Replication/Recov-Uncon-Fail-Over.htm
redirect 301 /System-and-Software-Maintenance/Removing-One-Appliance-from-an-HA-Pair.htm /Features/HA-Redundancy/Removing-One-Appliance-from-an-HA-Pair.htm
redirect 301 /System-and-Software-Maintenance/Replacing-LUNs-and-Migrating.htm /Messaging/Guaranteed-Msg/Replacing-LUNs-and-Migrating.htm
redirect 301 /System-and-Software-Maintenance/Replacing-SW-EventBroker-Nodes.htm /Features/HA-Redundancy/Replacing-SW-EventBroker-Nodes.htm
redirect 301 /System-and-Software-Maintenance/Restoring-Config-Files.htm /Admin/Restoring-Config-Files.htm
redirect 301 /System-and-Software-Maintenance/Shut-Down-Guaranteed-Msging-HA-Appliances.htm /Appliance/Shut-Down-Guaranteed-Msging-HA-Appliances.htm
redirect 301 /System-and-Software-Maintenance/Subscribing-to-MBus-Events.htm /Monitoring/Subscribing-to-MBus-Events.htm
redirect 301 /System-and-Software-Maintenance/SW-Health-Monitoring.htm /Monitoring/SW-Health-Monitoring.htm
redirect 301 /System-and-Software-Maintenance/Switching-Replication-Service.htm /Features/DR-Replication/Switching-Replication-Service.htm
redirect 301 /System-and-Software-Maintenance/Sys-Level-Msg-Spool-Admin-Tasks.htm /Messaging/Guaranteed-Msg/Sys-Level-Msg-Spool-Admin-Tasks.htm
redirect 301 /System-and-Software-Maintenance/Upgrading-Replication-Sites.htm /Features/DR-Replication/Switching-Replication-Service.htm
redirect 301 /System-and-Software-Maintenance/VPN-Level-Msg-Spool-Admin-Tasks.htm /Messaging/Guaranteed-Msg/VPN-Level-Msg-Spool-Admin-Tasks.htm
redirect 301 /Web-API-get-start.htm /API/Messaging-APIs/JavaScript-API/js-home.htm
redirect 301 /What-Is-PubSub-Cloud.htm /Cloud/What-Is-PubSub-Cloud.htm



####
####
#### YOU'RE NOT JUST GONNA SLAP ANOTHER URL AT THE END OF THIS LIST, RIGHT? YOU'RE GONNA PUT IT IN ALPHA ORDER LIKE YOU WERE TOLD, AREN'T YOU?
####
#### OF COURSE YOU ARE. I DIDN'T MEAN TO SUGGEST OTHERWISE.
####
####       _.-'''''-._
####     .'  _     _  '.
####    /   (o)   (o)   \
####   |                 |
####   |  \           /  |
####    \  '.       .'  /
####     '.  `'---'`  .'
####       '-._____.-'



######################################################################################
# Directory redirects

# Allow mod_rewrite rules (lets RedirectMatch command work)
RewriteEngine on

# Redirect everything in folder xyz to the matching filename at domain.com
# RedirectMatch 301 /dir/xyz/(.*) http://domain.com/$1
#
# Redirect everything in folder xyz to a single file
# RedirectMatch 301 /dir/xyz/(.*) http://domain.com/target-file.htm
#
# For info on regular expressions (regex) for redirects, see: https://wpengine.com/support/regex/
#
#######################################################################################

## These paths redirect to a single file

RedirectMatch 301 /API/Integration-Guides/(.*) /API/Integration-Guides.htm
RedirectMatch 301 /API/QuickStarts/(.*) /Software-Broker/SW-Broker-Set-Up/QuickStarts.htm
RedirectMatch 301 /Best-Practices/(.*) /Get-Started/best-practices.htm
RedirectMatch 301 /Developer-Tools/Integration-Guides/(.*) /API/Integration-Guides.htm
RedirectMatch 301 /Developer-Tools/QuickStarts-Connectors/(.*) /API/Connectors/Connectors.htm
RedirectMatch 301 /PubSub-ConceptMaps/(.*) /Get-Started/best-practices.htm
RedirectMatch 301 /Software-Broker/Solace-SW-Broker-Set-Up/(.*) /Software-Broker/SW-Broker-Set-Up/Setting-Up-SW-Brokers.htm
RedirectMatch 301 /Software-Broker/Solace-SW-Broker-Upgrade/(.*) /Software-Broker/SW-Broker-Upgrade/SW-Broker-Upgrade.htm
RedirectMatch 301 /WebUI/(.*) /Admin/Broker-Manager/PubSub-Manager-Overview.htm


# catch weird link from dev codelabs
RedirectMatch 301 ^/Developer-Tutorials/(.*) /API/Developer-Tutorials.htm


RedirectMatch 301 ^/3230-Hardware-Installation/(.*) /Appliance/3230-Hardware-Installation/3230-Hardware-Install-Overview.htm
RedirectMatch 301 ^/3260-Hardware-Installation/(.*) /Appliance/3260-Hardware-Installation/3260-Hardware-Install-Overview.htm
RedirectMatch 301 ^/3530-Hardware-Installation/(.*) /Appliance/3530-Hardware-Installation/3530-Hardware-Install-Overview.htm
RedirectMatch 301 ^/3560-Hardware-Installation/(.*) /Appliance/3560-Hardware-Installation/3560-Hardware-Install-Overview.htm
RedirectMatch 301 ^/Basics/(.*)  /Get-Started/event-mesh-basics.htm
RedirectMatch 301 ^/Broker-Manager/(.*) /Admin/Broker-Manager/PubSub-Manager-Overview.htm
RedirectMatch 301 ^/Configuring-and-Managing/SW-Broker-Specific-Config/(.*) /Software-Broker/SW-Broker-Configuration-Defaults.htm
RedirectMatch 301 ^/Open-APIs-Protocols/AMQP/(.*) /API/AMQP/AMQP-get-started.htm
RedirectMatch 301 ^/Open-APIs-Protocols/MQTT/(.*) /API/MQTT/MQTT-get-started.htm
RedirectMatch 301 ^/Overviews/REST-Messaging-Concepts/(.*) /API/REST/REST-get-start.htm
RedirectMatch 301 ^/SEMP/(.*) /Admin/SEMP/Using-SEMP.htm
RedirectMatch 301 ^/Solace-Appliance-Upgrade/(.*) /Appliance/Appliance-Upgrade/Appliance-Upgrade.htm
RedirectMatch 301 ^/Solace-Appliance-Set-Up/(.*) /Appliance/Appliance-Set-Up/Setting-Up-Appliances.htm
RedirectMatch 301 ^/Solace-CLI/(.*) /Admin/Solace-CLI/Using-Solace-CLI.htm
RedirectMatch 301 ^/Solace-Cloud/(.*) /Cloud/cloud-lp.htm
RedirectMatch 301 ^/Solace-JMS-API/(.*) /API/Solace-JMS-API/jms-get-started-open.htm
RedirectMatch 301 ^/Solace-OpenMama/(.*) /API/Solace-OpenMama/Solace-OpenMAMA-Overview.htm
RedirectMatch 301 ^/Solace-PubSub-Cache/(.*) /Additional-Products/Solace-PubSub-Cache/PubSub-Cache-Overview.htm
RedirectMatch 301 ^/Solace-PubSub-Messaging-APIs/API-Developer-Guide/(.*) /API/API-Developer-Guide/Developer-Guide-Home.htm
RedirectMatch 301 ^/Solace-PubSub-Messaging-APIs/JavaScript-API/Web-Messaging-Concepts/(.*) /API/Messaging-APIs/JavaScript-API/Web-Messaging-Concepts/Web-Messaging-Intro-js.htm
RedirectMatch 301 ^/Solace-SW-Broker-Set-Up/(.*) /Software-Broker/SW-Broker-Set-Up/Containers/Set-Up-Container-Image.htm
RedirectMatch 301 ^/Solace-SW-Broker-Upgrade/(.*) /Software-Broker/SW-Broker-Upgrade/SW-Broker-Upgrade.htm
RedirectMatch 301 ^/SolAdmin/(.*) /Admin/SolAdmin/SolAdmin-Overview.htm
RedirectMatch 301 ^/SolGeneos-Agent/(.*) /Additional-Products/SolGeneos-Agent/SolGeneos-Overview.htm

# Custom Error Pages
######################################################################################
 
# Not using these yet.
#ErrorDocument 401 /nopasswd.html
#ErrorDocument 403 /error_pages/forbidden.html

ErrorDocument 404 /Not-Found.htm
php_flag display_errors 1